Filename,Liked,Timestamp
android-chrome-192.png,0,2024-10-28 19:09:50
apple-touch-icon.png,0,2024-10-28 19:09:50
favicon-32.png,0,2024-10-28 19:09:51
fitness-group.jpg,0,2024-10-28 19:09:51
food-chicken.jpg,0,2024-10-28 19:09:51
food-heart.jpg,1,2024-10-28 19:09:52
food-thought.jpg,1,2024-10-28 19:09:52
forward-fitness-logo.png,1,2024-10-28 19:09:52
fresh-food.jpg,1,2024-10-28 19:09:53
hero-image.jpg,0,2024-10-28 19:09:54
hero-veggies.jpg,0,2024-10-28 19:09:54
people-with-weights.jpg,1,2024-10-28 19:09:55
people-workingout-machines.jpg,1,2024-10-28 19:09:55
personal-trainer.jpg,1,2024-10-28 19:09:55
android-chrome-192.png,0,2024-10-28 19:14:25
apple-touch-icon.png,0,2024-10-28 19:14:25
favicon-32.png,0,2024-10-28 19:14:25
fitness-group.jpg,0,2024-10-28 19:14:26
food-chicken.jpg,1,2024-10-28 19:14:27
food-heart.jpg,1,2024-10-28 19:14:27
food-thought.jpg,1,2024-10-28 19:14:27
forward-fitness-logo.png,1,2024-10-28 19:14:27
fresh-food.jpg,1,2024-10-28 19:14:27
hero-image.jpg,1,2024-10-28 19:14:28
hero-veggies.jpg,1,2024-10-28 19:14:28
people-with-weights.jpg,1,2024-10-28 19:14:28
people-workingout-machines.jpg,1,2024-10-28 19:14:28
